{
	"type": "BurstTurret",
	"name": "Dual Thorium Canon",
	"description": "A much better version of the Thorium Canon, but with less health.",
	"health": 3500,
	"shots": 6
	"size": 4,
	"reload": 100,
	"targetGround": true,
	"targetAir": true,
	"shootCone": 360,
	"range": 560,
	"ammoUseEffect": "shellEjectBig",
	"inaccuracy": 15,
	"rotatespeed": 20,
	"BlockGroup": "turrets",
	"ammo": {
		"thorium": {
			"speed": 14,
                        "peirce": true,
			"damage": 1240,
			"bulletWidth": 20,
			"bulletHeight": 18,
			"shootEffect": "shootBig",
			"smokeEffect": "shootBigSmoke",
			"lifetime": 600,
		},
		},
	"requirements": [
		{ "item": "lead", "amount": 5600 },
		{ "item": "silicon", "amount": 1500 },
		{ "item": "thorium", "amount": 2000 },
        { "item": "graphite", "amount": 3000 }
	],
	"category": "turret",
	"alwaysUnlocked": false,
	research: ThoriCanon
}