{
	"type": "BurstTurret",
	"name": "Laser",
	"description": "Fires fast bullets in short increments.",
	"health": 750,
	"shots": 1,
	"size": 3,
	"reload": 40,
	"targetGround": true,
	"targetAir": true,
	"shootCone": 360,
	"range": 240,
	"ammoUseEffect": "shellEjectBig",
	"inaccuracy": 0,
	"rotatespeed": 100,
	"BlockGroup": "turrets",
	"ammo": {
				"thorium": {
			"speed": 20,
                        "peirce": true,
			"damage": 20,
			"bulletWidth": 8,
			"bulletHeight": 10,
			"shootEffect": "shootBig",
			"smokeEffect": "shootBigSmoke",
			"lifetime": 30,
		},
		},
	"requirements": [
		{ "item": "lead", "amount": 15 },
		{ "item": "silicon", "amount": 25 },
		{ "item": "thorium", "amount": 40 },
        { "item": "graphite", "amount": 20 }
	],
	"category": "turret",
	"alwaysUnlocked": false,
	research: Plastanium-Scatter
}