{
	"type": "BurstTurret",
	"name": "Scrap Scatter",
	"description": "A scatter that can shoot scrap",
	"health": 400,
	"shots": 10,
	"size": 2,
	"reload": 80,
	"targetGround": true,
	"targetAir": true,
	"shootCone": 360,
	"range": 560,
	"ammoUseEffect": "shellEjectBig",
	"inaccuracy": 30,
	"rotatespeed": 10,
	"BlockGroup": "turrets",
	"ammo": {
		"scrap": {
			"speed": 5,
                        "peirce": true,
			"damage": 30,
			"bulletWidth": 8,
			"bulletHeight": 8,
			"shootEffect": "shootBig",
			"smokeEffect": "shootBigSmoke",
			"lifetime": 60,
		},
		},
	"requirements": [
		{ "item": "silicon", "amount": 10 },
		{ "item": "copper", "amount": 15 },
        { "item": "graphite", "amount": 20 }
	],
	"category": "turret",
	"alwaysUnlocked": false,
	research: scatter
}