{
	"type": "BurstTurret",
	"name": "Lead Silo",
	"description": "A 2x2 turret that fires a silo of bullets at enemies around it.",
	"health": 200,
	"shots": 3,
	"size": 2,
	"reload": 78,
	"targetGround": true,
	"targetAir": true,
	"shootCone": 360,
	"range": 120,
	"ammoUseEffect": "shellEjectBig",
	"inaccuracy": 20,
	"rotatespeed": 10,
	"BlockGroup": "turrets",
	"ammo": {
		"lead": {
			"speed": 5,
                        "peirce": true,
			"damage": 70,
			"bulletWidth": 5,
			"bulletHeight": 7,
			"shootEffect": "shootBig",
			"smokeEffect": "shootBigSmoke",
			"lifetime": 10,
                                          "peirce": true,
		},
		},
	"requirements": [
		{ "item": "lead", "amount": 60 },
		{ "item": "silicon", "amount": 25 },
		{ "item": "copper", "amount": 70 },
        { "item": "graphite", "amount": 60 }
	],
	"category": "turret",
	"alwaysUnlocked": false,
	research: scatter
}