{
	"type": "BurstTurret",
	"name": "Thorium Canon",
	"description": "A 4x4 Canon that shoots thorium",
	"health": 4000,
	"shots": 3,
	"size": 4,
	"reload": 200,
	"targetGround": true,
	"targetAir": true,
	"shootCone": 360,
	"range": 560,
	"ammoUseEffect": "shellEjectBig",
	"inaccuracy": 5,
	"rotatespeed": 10,
	"BlockGroup": "turrets",
	"ammo": {
		"thorium": {
			"speed": 7,
                        "peirce": true,
			"damage": 1240,
			"bulletWidth": 30,
			"bulletHeight": 24,
			"shootEffect": "shootBig",
			"smokeEffect": "shootBigSmoke",
			"lifetime": 300,
		},
		},
	"requirements": [
		{ "item": "lead", "amount": 5000 },
		{ "item": "silicon", "amount": 1000 },
		{ "item": "thorium", "amount": 750 },
        { "item": "graphite", "amount": 1500 }
	],
	"category": "turret",
	"alwaysUnlocked": false,
	research: TitaLaser
}