{
	"type": "BurstTurret",
	"name": "Titanium Laser",
	"description": "Fires enough bullets to look like a laser with pinpoint accuracy at the expense of a lot of titanium.",
	"health": 2350,
	"shots": 20,
	"size": 3,
	"reload": 0,
	"targetGround": true,
	"targetAir": true,
	"shootCone": 360,
	"range": 240,
	"ammoUseEffect": "shellEjectBig",
	"inaccuracy": 0,
	"rotatespeed": 100,
	"BlockGroup": "turrets",
	"ammo": {
				"titanium": {
			"speed": 20,
                        "peirce": true,
			"damage": 1,
			"bulletWidth": 10,
			"bulletHeight": 15,
			"shootEffect": "shootBig",
			"smokeEffect": "shootBigSmoke",
			"lifetime": 40,
		},
		},
	"requirements": [
		{ "item": "lead", "amount": 150 },
		{ "item": "silicon", "amount": 250 },
		{ "item": "titanium", "amount": 400 },
        { "item": "graphite", "amount": 200 }
	],
	"category": "turret",
	"alwaysUnlocked": false,
	research: Plastanium-Scatter
}