{
	"type": "ArtilleryTurret",
	"name": "Grenadier",
	"description": "Bomb-tossing turret. Mediocre range",
	"health": 1650,
	"size": 3,
	"reload": 60,
	"targetGround": true,
	"targetAir": false,
	"collidesTiles": false,
    "collides": false,
    "collidesAir": false,
	"range": 180,
	"ammoUseEffect": "shellEjectBig",
	"inaccuracy": 5,
	"rotatespeed": 10,
	"BlockGroup": "turrets",
	"ammo": {
		"plastanium": {
			"type": "ArtilleryBulletType",
			"velocityInaccuracy": 0.2,
			"speed": 4,
			"lifetime": 100,
			"damage": 65,
			"bulletWidth": 10,
			"bulletHeight": 15,
			"hitEffect": "explosion",
			"despawnEffect": "explosion",
			"shootEffect": "shootBig",
			"smokeEffect": "shootBigSmoke",
			"splashDamageRadius": 5,
			"splashDamage": 5,
			"fragBullet":{
					  "damage": 15,
					  "speed": 8,
					  "bulletWidth": 5,
					  "bulletHeight": 3,
					  "lifetime": 15,
					},
			"fragBullets": 10
		},
		"blast-compound": {
			"type": "ArtilleryBulletType",
			"velocityInaccuracy": 0.2,
			"speed": 4,
			"lifetime": 100,
			"damage": 65,
			"bulletWidth": 10,
			"bulletHeight": 15,
			"hitEffect": "explosion",
			"despawnEffect": "explosion",
			"shootEffect": "shootBig",
			"smokeEffect": "shootBigSmoke",
			"reloadMultiplier": 1.25,
			"splashDamageRadius": 15,
			"splashDamage": 25,
			 "fragBullet":{
					  "speed": 8,
					  "bulletWidth": 5,
					  "bulletHeight": 3,
					  "splashDamageRadius": 5,
					  "splashDamage": 10,
					  "lifetime": 5,
					},
				  "fragBullets": 5
		},
		"tensor": {
			"type": "ArtilleryBulletType",
			"velocityInaccuracy": 0.2,
			"speed": 4,
			"lifetime": 100,
			"damage": 25,
			"splashDamageRadius": 15,
			"splashDamage": 45,
			"bulletWidth": 10,
			"bulletHeight": 15,
			"hitEffect": "explosion",
			"despawnEffect": "explosion",
			"shootEffect": "shootBig",
			"smokeEffect": "shootBigSmoke"
		},
		"metaglass": {
			"type": "ArtilleryBulletType",
			"velocityInaccuracy": 0.2,
			"speed": 4,
			"lifetime": 100,
			"damage": 45,
			"bulletWidth": 10,
			"bulletHeight": 15,
			"hitEffect": "explosion",
			"despawnEffect": "explosion",
			"shootEffect": "shootBig",
			"smokeEffect": "shootBigSmoke",
			"fragBullet":{
				"speed": 8,
				"damage": 4,
				"bulletWidth": 5,
				"bulletHeight": 3,
				"lifetime": 65,
					},
				  "fragBullets": 10
		}
	    },
	"requirements": [
		{ "item": "thorium", "amount": 190 },
		{ "item": "vector", "amount": 150 },
		{ "item": "copper", "amount": 240 },
        { "item": "scalar", "amount": 150 },
        { "item": "graphite", "amount": 150 }
	],
	"category": "turret",
	"research": "ripple"
}
