{
	"type": "itemTurret",
	"name": "Erradication cannon",
	"description": "Powerful single-shot cannon capable of eradicating most of Divinity's advesaries. It's designer, TrinityXyz, was executed by drones with it.",
	"health": 235000,
	"size": 4,
	"targetGround": true,
	"shots": 5,
	"shootcone": 3,
	"targetAir": true,
	"shootType": "lancerLaser",
	"range": 2500,
	"ammoUseEffect": "shellEjectBig",
	"inaccuracy": 0,
	"rotatespeed": 10,
	"shootSound": "corexplode",
	"bulletHeight": 1000000000000
	"bulletWidth": 1000000
	"coolantMultipier": 10,
	"BlockGroup": "turrets",
	"powerUse": 10,
	"firingMoveFract": 1,
	"reload": 0.1,
	"canOverdrive": true,
	"coolantMultiplier": 100,
	"ammo": {
"copper": {
	"peirce": true.
   	 "splashDamageRadius": 10,
"lifetime": 1000
"speed": 10,
   	 "splashDamage": 1000,
	"incendAmount": 10,
	"incendSpread": 10,
	"incendChance": 100,
	"damage": 100000,
	"statusDuration": 300,
        "status": {
"name": "oof",
        "speedMultiplier": 0,
        "damageMultiplier": 0,
        "armorMultiplier": 0,
        "damage": 100,
        "color": "00A9FF",
        "effect": "lightningCharge"}
	"fragBullets": 5,
	   "fragBullet":{
					"type": "BasicBulletType"
					"damage": 25000,
                                          "peirce": true,
					  "speed": 5,
					  "bulletWidth": 20,
					  "bulletHeight": 100,
					  "lifetime": 45,
                                          "lightining" : 5,
                                          "lightningLength" : 10
					},
                   },
},
	"requirements": [
		{ "item": "lead", "amount": 0 },
		{ "item": "silicon", "amount": 0 },
		{ "item": "copper", "amount": 0 },
        { "item": "scalar", "amount": 0 },
        { "item": "matrix", "amount": 0 },
        { "item": "graphite", "amount": 0 }
	],
	"category": "turret",
	"alwaysUnlocked": true
}
