{
	"type": "genericSmelter",
	"name": "Ionising machine",
	"description": "Takes pyratite and slag, converting them into plasma.",
	"outputLiquid": {"liquid": "ion-matter", "amount": 6.0},
	"size": 3,
	"hasPower": true,
	"hasLiquids": true,
	"hasItems": true,
	"updateEffect": "smeltsmoke",
	"consumes":
	{
		"power": 1.5,
		"items": {
		"items": [
            {"item": "pyratite" , "amount": 1.0}
        ]
	},
	"liquid": {
			"liquid": "slag", 
			"amount": 0.05
    },
    },
	"requirements": [
		{ "item": "tensor", "amount": 65 },
		{ "item": "vector", "amount": 65 },
		{ "item": "silicon", "amount": 95 },
		{ "item": "graphite", "amount": 35 },
		{ "item": "tau-plate", "amount": 65},
	],
	"category": "crafting",
	"research": "melter",
	"idleSound": "respawning",
	"idleSoundVolume": 0.5
}
