{
	"name": "Mending wall",
	"description": "A wall block capabe of repairing blocks next to it, making it useful in a conjunction with other walls.",
	"type": "MendProjector",
	"health": 670,
	"size": 1,
	"range": 10,
	"consumes": {"power": 0.7},
	"buildCostMultiplier": 5,
	"reload": 150,
	"healPercent": 3,
	"phaseRangeBoost": 0,
	"BlockGroup": "walls",
	"phaseBoost": 0,
	"requirements": [
		{ "item": "silicon", "amount": 6 },
		{ "item": "titanium", "amount": 3 },
		{ "item": "toughitinum", "amount": 3 }
	],
	"category": "defense",
	"research": "power-wall"
}
