{
	"name": "Mini-ass driver",
	"description": "A more compact but also a more short-ranged version of the Mass driver.",
	"type": "massDriver",
	"health": 150,
	"size": 1,
	"range": 6,
	"speed": 70,
	"ItemCapacity": 45,
	"reloadTime": 100,
	"range": 135,
	"consumes":
	{
		"power": 0.1
	},
	"requirements": [
		{ "item": "tensor", "amount": 35 },
		{ "item": "titanium", "amount": 35},
		{ "item": "graphite", "amount": 65},
		{ "item": "thorium", "amount": 65},
		{ "item": "silicon", "amount": 40}
	],
	"category": "distribution",
	"research": "mass-driver"
}
