{
	"type": "GenericCrafter",
	"name": "Scalar scrapper 3000",
	"description": "Consumes useless Scalar, and turns it into valuable Scrap.",
	"itemCapacity": 10,
	"outputItem": {"item": "scrap", "amount": 2.0},
	"size": 3,
	"hasPower": true,
	"hasLiquids": false,
	"hasItems": true,
	"craftTime": 50,
	"updateEffect": "smeltsmoke",
	"consumes": {
		"power": 0.7,
		"items": {
		"items": [
            {"item": "scalar" , "amount": 1.0}
        ]
	}
    },
	"requirements": [
		{ "item": "matrix", "amount": 5 },
		{ "item": "copper", "amount": 15 },
		{ "item": "phase-fabric", "amount": 80 },
		{ "item": "metaglass", "amount": 25 }
	],
	"category": "crafting",
	"research": "incinerator",
	"idleSound": "respawning",
	"idleSoundVolume": 0.5
}
