{
	"type": "Separator",
	"name": "Centrifuge",
	"description": "Puts stone under hydraulic pressure in order to extract metals contained within. Due to unexplained curcumstances, usage of inverted sorters is advised.",
	"itemCapacity": 15,
	"results": [
            {"item": "copper", "amount": 85},
            {"item": "lead", "amount": 85},
            {"item": "titanium", "amount": 65},
            {"item": "coal", "amount": 75},
            {"item": "scrap", "amount": 75},
            {"item": "thorium", "amount": 50}
        ],
	"size": 2,
	"hasPower": true,
	"hasLiquids": true,
	"craftTime": 70,
	"updateEffect": "none",
	"consumes": {
		"power": 3.5,
		"liquid": {
			"liquid": "water", 
			"amount": 0.3
    },
		"items": {
		"items": [
			{"item": "stone", "amount": 1}
		]
	}
    },
	"requirements": [
		{ "item": "titanium", "amount": 65 },
		{ "item": "copper", "amount": 135 },
		{ "item": "thorium", "amount": 65 },
		{ "item": "stone", "amount": 85}
	],
	"category": "crafting",
	"research": "separator",
	"idleSound": "respawning",
	"idleSoundVolume": 0.5
}
