{
	"type": "unitFactory",
	"name": "Metaphorical lair",
	"description": "Creates Metaphors.",
	"unitType": "sulfur-phosphorus-iodine-dubnium-erbium",
	"produceTime": 9000,
	"size": 5,
	"maxSpawn": 1,
	"consumes": {
		"power": 14.35,
		"items": {
		"items": [
            {"item": "silicon", "amount": 300.0},
            {"item": "phase-fabric", "amount": 95.0},
            {"item": "infiar", "amount": 150.0},
            {"item": "vector", "amount": 185.0},
            {"item": "matrix", "amount": 195.0},
            {"item": "thorium", "amount": 165.0}
          ]
		}
  },
	"requirements": [
		{ "item": "infiar", "amount": 200 },
		{ "item": "vector", "amount": 315 },
		{ "item": "silicon", "amount": 600 },
		{ "item": "tensor", "amount": 400 },
		{ "item": "matrix", "amount": 285},
		{ "item": "phase-fabric", "amount": 300},
		{ "item": "toughitinum", "amount": 150}
	],
	"category": "units",
	"research": "eradicator-factory"
}
