{
	"type": "GenericCrafter",
	"name": "Multidimensional portal",
	"description": "Creates Tensor, technically out of thin air. Powered by Ionising fluid.",
	"itemCapacity": 6,
	"outputItem": {"item": "tensor", "amount": 1.0},
	"size": 3,
	"hasPower": true,
	"hasLiquids": true,
	"hasItems": true,
	"craftTime": 81,
	"updateEffect": "shellEjectBig",
	"consumes": {
		"power": 3.3,
		"liquid": {
		"liquid": "ion-matter", 
		"amount": 0.1
    }
    },
	"requirements": [
		{ "item": "thorium", "amount": 65 },
		{ "item": "plastanium", "amount": 65 },
		{ "item": "phase-fabric", "amount": 195 },
		{ "item": "tensor", "amount": 35 }
	],
	"category": "crafting",
	"research": "ion-factory",
	"idleSound": "respawning",
	"idleSoundVolume": 0.5
}
