{
	"type": "GenericCrafter",
	"name": "Vectoriser",
	"description": "Turns Matrix into Vector. We are not guilty if your spoon ends up being vectorised",
	"itemCapacity": 6,
	"outputItem": {"item": "vector", "amount": 1.0},
	"size": 3,
	"hasPower": true,
	"hasLiquids": false,
	"hasItems": true,
	"craftTime": 64,
	"updateEffect": "smeltsmoke",
	"consumes": {
		"power": 1.0,
		"items": {
		"items": [
            {"item": "matrix" , "amount": 1.0}
        ]
	}
    },
	"requirements": [
		{ "item": "thorium", "amount": 65 },
		{ "item": "matrix", "amount": 65 },
		{ "item": "lead", "amount": 25 },
		{ "item": "blast-fabric", "amount": 70 },
		{ "item": "graphite", "amount": 35 }
	],
	"category": "crafting",
	"research": "vector-drill",
	"idleSound": "respawning",
	"idleSoundVolume": 0.5
}
