{
	"name": "Panzer IV H",
	"type": "fortress",
	"description": "Heavily armored vehicle. Shoots explosive shells. Good for ground troop support.",
	"health": 1300,
	"flying": false,
	"targetAir": false,
	"hitSize": 25,
	"speed": 0.025,
	"mass": 25,
	"cargoSize": 15,
	"rotatespeed": 0.3,
	"maxVelocity": 0.9,
	"weapon":{
		"reload": 90,
		"width": 0,
		"ejectEffect": "shellEjectSmall",
		"shootSound": "shootBig",
		"alternate": true,
		"bullet": {
			"type": "BasicBulletType",
			"bulletWidth": 10,
			"bulletHeight": 25,
			"keepVelocity": true,
			"speed": 5,
			"lifetime": 35,
			"damage": 45,
			"splashDamage": 55,
			"splashDamageRadius": 10,
			"hitEffect": "explosion",
			"despawnEffect": "explosion",
			"frontColor": "fff5ee",
			"backColor": "fff5ae"
		},
		"recoil": 0.6,
		"shake": 0.3,
		"roundRobin": false
	}
}