{
	"type": "groundUnit",
	"name": "Annihilator",
	"description": "...Annihilates?",
	"maxVelocity": 0.6,
	"speed": 0.14,
	"drag": 0.4,
	"mass": 8,
	"hitsize": 22,
	"rotatespeed": 0.04,
	"health": 9000,
	"weapon": {
		"name": "annihilatron",
		"length": 13,
		"range": 800,
		"width": 0,
		"reload": 420,
		"alternate": true,
		"shootSound": "shootBig",
		"bullet":{
		  "damage": 200,
		  "speed": 3,
		  "bulletWidth": 30,
		  "bulletHeight": 22,
		  "splashDamageRadius": 80,
		  "splashDamage": 200,
		  "frontColor": "b830c2",
		  "backColor": "b830c2",
		  "homingPower": 20,
		  "homingRange": 600,
		  "lifetime": 140,
		  "fragBullet":{
			  "damage": 100,
			  "speed": 4,
			  "bulletWidth": 20,
			  "bulletHeight": 14,
			  "splashDamageRadius": 48,
			  "splashDamage": 80,
			  "frontColor": "b830c2",
			  "backColor": "b830c2",
			  "homingPower": 20,
			  "homingRange": 360,
			  "lifetime": 90,
			  "keepVelocity": true,
			  "fragBullet":{
				  "damage": 50,
				  "speed": 5,
				  "bulletWidth": 14,
				  "bulletHeight": 8,
				  "splashDamageRadius": 32,
				  "splashDamage": 50,
				  "frontColor": "b830c2",
				  "backColor": "b830c2",
				  "homingPower": 20,
				  "homingRange": 240,
				  "lifetime": 140,
				  "fragBullet":{
					  "damage": 8,
					  "speed": 9,
					  "bulletWidth": 7,
					  "bulletHeight": 4,
					  "splashDamageRadius": 8,
					  "splashDamage": 8,
					  "frontColor": "b830c2",
					  "backColor": "b830c2",
					  "homingPower": 20,
					  "homingRange": 240,
					  "lifetime": 100,
					},
				  "fragBullets": 25
				},
			  "fragBullets": 8
			},
		  "fragBullets": 5
		}
	}
}
